Dimension,Feature Vector Length,Generatng Inputs Time,Heston Pricing Time,Saving Time,Total Time Taken
1,9,0.007036924362182617,0.27817487716674805,0.0015959739685058594,0.2881889343261719
4,15,0.0026559829711914062,1.08809494972229,0.0014667510986328125,1.094102144241333
7,21,0.0024499893188476562,1.9050769805908203,0.0016529560089111328,1.9119758605957031
10,27,0.0023102760314941406,2.7168567180633545,0.001950979232788086,2.724567174911499
13,33,0.0022330284118652344,3.531123399734497,0.0023331642150878906,3.539715051651001
16,39,0.0022308826446533203,4.348437070846558,0.0026328563690185547,4.358067035675049
