Dimension,Feature Vector Length,Generatng Inputs Time,Heston Pricing Time,Saving Time,Total Time Taken
1,9,0.04649686813354492,5.336512088775635,0.01055908203125,5.396384954452515
4,15,0.0366520881652832,21.838034868240356,0.014657020568847656,21.89611005783081
7,21,0.036669015884399414,38.27324604988098,0.019984006881713867,38.340458154678345
10,27,0.036930084228515625,54.17411994934082,0.02304697036743164,54.24856972694397
13,33,0.03734183311462402,72.1118061542511,0.033399105072021484,72.20969200134277
16,39,0.038419246673583984,87.70475697517395,0.03373289108276367,87.80080819129944
